{
  "version": 1,
  "author": "basmala tharwat",
  "editor": "wokwi",
  "parts": [
    { "type": "wokwi-breadboard", "id": "bb1", "top": 208.2, "left": -218, "attrs": {} },
    { "type": "board-esp32-devkit-c-v4", "id": "esp", "top": 0, "left": -4.76, "attrs": {} },
    {
      "type": "wokwi-membrane-keypad",
      "id": "keypad1",
      "top": -270.8,
      "left": 101.6,
      "attrs": {}
    },
    {
      "type": "wokwi-lcd1602",
      "id": "lcd1",
      "top": -147.2,
      "left": -224.8,
      "attrs": { "pins": "i2c" }
    },
    { "type": "wokwi-servo", "id": "servo1", "top": 65.2, "left": -192, "attrs": {} },
    {
      "type": "wokwi-buzzer",
      "id": "bz1",
      "top": 194.4,
      "left": -123,
      "attrs": { "volume": "0.1" }
    },
    {
      "type": "wokwi-photoresistor-sensor",
      "id": "ldr1",
      "top": 89.6,
      "left": 279.2,
      "attrs": {}
    },
    { "type": "wokwi-led", "id": "led1", "top": 226.8, "left": -5.8, "attrs": { "color": "red" } },
    {
      "type": "wokwi-resistor",
      "id": "r1",
      "top": 243.95,
      "left": -48,
      "attrs": { "value": "1000" }
    },
    {
      "type": "wokwi-hc-sr04",
      "id": "ultrasonic1",
      "top": 183.9,
      "left": 293.5,
      "attrs": { "distance": "24" }
    },
    {
      "type": "wokwi-dht22",
      "id": "dht1",
      "top": 57.9,
      "left": -370.2,
      "attrs": { "temperature": "68.5", "humidity": "56.5" }
    },
    {
      "type": "wokwi-photoresistor-sensor",
      "id": "ldr2",
      "top": 224,
      "left": -431.2,
      "attrs": {}
    },
    {
      "type": "wokwi-servo",
      "id": "servo2",
      "top": 447.4,
      "left": -210.2,
      "rotate": 90,
      "attrs": {}
    },
    {
      "type": "wokwi-photoresistor-sensor",
      "id": "ldr3",
      "top": 310.4,
      "left": -498.4,
      "attrs": {}
    },
    { "type": "wokwi-relay-module", "id": "relay1", "top": -38.2, "left": -345.6, "attrs": {} }
  ],
  "connections": [
    [ "esp:TX", "$serialMonitor:RX", "", [] ],
    [ "esp:RX", "$serialMonitor:TX", "", [] ],
    [ "esp:16", "keypad1:C1", "green", [ "h0" ] ],
    [ "esp:4", "keypad1:C2", "green", [ "h0" ] ],
    [ "esp:0", "keypad1:C3", "green", [ "h0" ] ],
    [ "esp:2", "keypad1:C4", "green", [ "h0" ] ],
    [ "esp:17", "keypad1:R4", "green", [ "h0" ] ],
    [ "esp:5", "keypad1:R3", "green", [ "h0" ] ],
    [ "esp:18", "keypad1:R2", "green", [ "h0" ] ],
    [ "esp:19", "keypad1:R1", "green", [ "h0" ] ],
    [ "lcd1:SCL", "esp:22", "green", [ "h0" ] ],
    [ "lcd1:SDA", "esp:21", "green", [ "h0" ] ],
    [ "lcd1:VCC", "esp:5V", "red", [ "h19.2", "v374.5" ] ],
    [ "lcd1:GND", "esp:GND.2", "black", [ "h0" ] ],
    [ "servo1:GND", "esp:GND.2", "black", [ "h-9.6", "v-38.4" ] ],
    [ "servo1:V+", "esp:3V3", "green", [ "h-9.6", "v-47.9" ] ],
    [ "bz1:2", "esp:12", "green", [ "v0" ] ],
    [ "bz1:1", "bb1:tn.5", "green", [ "v0" ] ],
    [ "bb1:tn.1", "esp:GND.2", "green", [ "v0" ] ],
    [ "ldr1:VCC", "esp:3V3", "red", [ "h19.2", "v-67.2" ] ],
    [ "r1:1", "bb1:tn.15", "green", [ "v0" ] ],
    [ "r1:2", "bb1:22t.a", "green", [ "v0" ] ],
    [ "servo1:PWM", "esp:14", "green", [ "h0", "v67.4" ] ],
    [ "ultrasonic1:VCC", "esp:3V3", "red", [ "v0" ] ],
    [ "ultrasonic1:GND", "esp:GND.3", "black", [ "v0" ] ],
    [ "ultrasonic1:ECHO", "esp:33", "green", [ "v0" ] ],
    [ "dht1:VCC", "esp:3V3", "red", [ "v0" ] ],
    [ "dht1:GND", "esp:GND.2", "black", [ "v0" ] ],
    [ "dht1:SDA", "esp:23", "green", [ "v0" ] ],
    [ "ldr1:GND", "esp:GND.2", "black", [ "h96", "v-106" ] ],
    [ "esp:34", "ldr1:AO", "green", [ "h0" ] ],
    [ "ldr2:VCC", "bb1:tp.2", "red", [ "h96", "v-19.2" ] ],
    [ "ldr2:GND", "bb1:tn.3", "black", [ "h105.6", "v-19.6" ] ],
    [ "esp:35", "ldr2:AO", "green", [ "h-263.81", "v192" ] ],
    [ "ldr3:VCC", "bb1:tp.20", "red", [ "h307.2", "v-105.6" ] ],
    [ "servo2:GND", "bb1:tn.23", "black", [ "v48", "h220.8", "v0" ] ],
    [ "servo2:V+", "bb1:tp.26", "cyan", [ "v9.6", "h239.9", "v-192", "h9.6" ] ],
    [ "servo2:PWM", "esp:15", "green", [ "v28.8", "h259" ] ],
    [ "bb1:tn.20", "ldr3:GND", "green", [ "v105.5", "h-356" ] ],
    [ "esp:25", "bb1:23t.a", "green", [ "v0" ] ],
    [ "ultrasonic1:TRIG", "esp:27", "green", [ "v0" ] ],
    [ "ldr3:AO", "esp:32", "green", [ "h-115.2", "v-250.3" ] ],
    [ "relay1:VCC", "esp:5V", "red", [ "h-115.2", "v249.6" ] ],
    [ "relay1:GND", "esp:GND.2", "black", [ "h0" ] ],
    [ "relay1:IN", "esp:13", "green", [ "h326.4", "v182.2" ] ],
    [ "bz1:1", "bb1:11t.c", "", [ "$bb" ] ],
    [ "bz1:2", "bb1:12t.c", "", [ "$bb" ] ],
    [ "led1:A", "bb1:23t.b", "", [ "$bb" ] ],
    [ "led1:C", "bb1:22t.b", "", [ "$bb" ] ],
    [ "ultrasonic1:VCC", "bb1:59t.c", "", [ "$bb" ] ],
    [ "ultrasonic1:TRIG", "bb1:60t.c", "", [ "$bb" ] ],
    [ "ultrasonic1:ECHO", "bb1:61t.c", "", [ "$bb" ] ],
    [ "ultrasonic1:GND", "bb1:62t.c", "", [ "$bb" ] ]
  ],
  "dependencies": {}
}